Card Name,Count
Abdominal Snowman,0
Abraca Amadeus,0
Adorabunny,0
Aeromancer,0
Albino Eyebat,0
Amaizing Avalanche,0
Ancient Comet,0
Ancient Healer,0
Ancient Scholar,0
Angel Heart,0
Angel of Chocolate,0
Angel of Vanilla,0
Apple Bully,0
Apple Pieclops,0
Archer Dan,0
Archer Danica,0
Assistance,0
Auto-Plucker,0
Bail Out,0
Bale Out,0
Ban-She Princess,0
Ban-She Queen,0
Bayou Fountain,0
Beach Ball,0
Beach Blast,0
Beach Mummy,0
Bean Ball Bomba,0
Berserk Bakery,0
Big Foot,0
Biomancer,0
Black Hole Pendant,0
Black Paladin,0
Blonde MerWitch,0
Blood Bath,0
Blood Castle,0
Blood Fortress,0
Blood Transfusion,0
Blue Candy,0
Blue Gnome,0
Blue Merlock,0
Blue Ogre,0
Blue Plains Drifter,0
Blue Slimey,0
Blueberry Djini,0
Blueberry Pieclops,0
Boarder Collie,0
Bog Ban-She Angel,0
Bog Bum,0
Bog Frog Bomb,0
Bog Palace,0
Bomb Pop,0
Bone Wand,0
Bongo Bounce House,0
Bouncing Zebracorn,0
Brain Gooey,0
Brief Power,0
Brigadier Banana Split,0
Bums Away!,0
Burly Lumberjack,0
Business Dog,0
Cabin of Many Woods,0
Cactus Thug,0
Camaraderie,0
Captain Taco,0
Cardboard Mansion,0
Carmel Camel,0
Cave of Solitude,0
Celestial Castle,0
Celestial Fortress,0
Cerebral Bloodstorm,0
Charming City,0
Chest Burster,0
Chocolate TaCody,0
Chronomancer,0
Clone,0
Cloud Tower,0
Cold Soldier,0
Collaboration,0
Communication,0
Confectionary Ring,0
Contribution,0
Convey Wisdom,0
Cool Dog,0
Cooperation,0
Coordination,0
Corn Bat,0
Corn Dog,0
Corn Lord,0
Corn Ronin,0
Corn Scepter,0
Cornataur,0
Corns Templar,0
Cotton Devil,0
Cotton Eyebat,0
Cottonpult,0
Cow,0
Cowsper,0
Crab Skull Island,0
Crazy Cat Lady,0
Creepy Crypt,0
Cross Pollination,0
Crust Crusher,0
Crystal Palace,0
Cuddle Puddle,0
Cute Overload,0
Cutie,0
Cutie Koala,0
Cyclops,0
Dark Angel,0
Dark-o-Mint,0
Davey Bones,0
Deforestation,0
Diamond Dan,0
Djini Ghost,0
Dogboy,0
Domed Stronghold,0
Dr. Death,0
Dr. Stuffenstein,0
Dragon Claw,0
Dragon Foot,0
Dragoon Parrotrooper,0
Drained Cleric,0
Dressage Dance Hall,0
Drooling Dude,0
Drop Zone,0
Druid of the Cob,0
Duet,0
Earth Mover,0
Elf Hut,0
Embarrassing Bard,0
Emboldened Retriever,0
Emperor Penguin,0
Enchanted Celebration,0
Endearing Elephant,0
Ethan Allfire,0
Evil Eye,0
Extraordinary Spider,0
Extreme High Five,0
Eye Guy,0
Fairy Shepard,0
Falling Star,0
Family Gathering,0
Fancy Pants Gnome,0
Fancy Spa,0
Fancy Zebracorn,0
Farmhouse,0
Fatapillar,0
Fatigued Librarian,0
Feedman,0
Fellowship,0
Fiddling Ferret,0
Field Reaper,0
Field Stalker,0
Field of Nightmares,0
Firm Handshake,0
Fisher Fish,0
Floating Ice Palace,0
Fluffy Fox,0
Fly Swatter,0
Fountain of Tears,0
Four Star Fudge,0
Free Fall,0
Freeze Ray,0
Freezing Point,0
Friendship Bracelet,0
Fright Tower,0
Frost Dragon,0
Frosted Deanimator,0
Frosted Snowwoman,0
Frosty Frolic,0
Frozen BanaNancy,0
Frozen Fish,0
Frozen Heart,0
Frozen Lemon Aid,0
Full Metal Racket,0
FumiGator,0
Fummy,0
Funeral Home,0
Furious Chick,0
Furious Furor,0
Furious Hen,0
Furious Rooster,0
Future Scholar,0
Geomancer,0
Ghost,0
Ghost Chest Burster,0
Ghost Hag,0
Ghost Ninja,0
Ghost Tree,0
Giant Mummy Hand,0
Giddy Giraffe,0
Glacier Racer,0
Glorious Gramophone,0
Gnome Snot,0
Goat,0
Gold Ninja,0
Golden Axe Stump,0
Golden Jackal,0
Granary Weevil,0
Grand Mummy,0
Grape Butt,0
Grape Djini,0
Gray Eyebat,0
Green Cactiball,0
Green Candy,0
Green Gnome,0
Green Mermaid,0
Green Merman,0
Green Party Ogre,0
Green Snakey,0
Green ZebraCorn,0
Grizzled ZebraCorn,0
Ham Fist,0
Happy Ghost Lucky,0
Harvest Moon,0
Haybarn,0
Headphone Jerk,0
Heavenly Gazer,0
Helping Hand,0
Herculeye,0
Hot Eyebat,0
Hug It Out,0
Huggable Hedgehog,0
Hunkclops,0
Husker Amulet,0
Husker Champion,0
Husker Garrison,0
Husker Knight,0
Husker Valkyrie,0
Husker Worm,0
Husky Parrotrooper,0
Hydromancer,0
Ice Base,0
Ice Cream Captain,0
Ice Cream Sammy,0
Ice Sing,0
Ice-olation Cell,0
Icemeister,0
Icy Commando,0
Icy Infiltrator,0
Icy Intruder,0
Igloo of Sanctuary,0
Immortal Maize Walker,0
Impossible Possum,0
Incredible Egg,0
Industrial Assassin,0
Infant Scholar,0
Infinite Figure,0
Infinite Haymaker,0
Infinite Pies,0
InstiGator,0
InvestiGator,0
IrriGator,0
Jinx,0
Jinxed Parrotrooper,0
Kernel Queen,0
King Baby,0
Knit Kitty,0
Kung Fu Power,0
Lady Beetle,0
Last Will & Detriment,0
Learning Center,0
Legion of Earlings,0
Life Beater Gnome,0
Lifeguard Lobster,0
Lime Slimey,0
Little Freezy,0
Log Knight,0
Log Rhythm,0
Lonely Panda,0
Longboard Lobster,0
Lost Golem,0
Loveable Lamb,0
Lt. Mushroom,0
Lucky Penny,0
Lumbercaddy,0
Lunchpad,0
Mace Stump,0
Magenapping,0
Magic Lamp,0
Magic Ring Ding,0
Man-Witch,0
Mantle Masher,0
Master of Disguise,0
Matchy Matchy,0
Mausoleum,0
Mint Chocouflage,0
Mocha Launcher,0
Monolith of Doom,0
Mouthball,0
Ms. Fluff,0
Ms. Mummy,0
Music Mallard,0
Musical Chair,0
NaviGator,0
Necromancer,0
Nice Ice Baby,0
Nice Windmill,0
Niceasaurus Rex,0
Night Tower,0
Ogre Braces,0
Ogre Gas,0
Oil Refinery,0
Ol' Corn Eye,0
Orange Slimey,0
Overstuffed Orangutan,0
Palace of Bone,0
Paladim,0
Pants of Awesome,0
Papercut Tiger,0
Parrotmilitary Outpost,0
Party Energy,0
Party Oasis,0
Patched Puppy,0
Patchwork,0
Patchy the Pumpkin,0
Patriot Popsicle,0
Peach Djinni,0
Pentacutie,0
Pentaid,0
Phyllis,0
Pickler,0
Pieclops,0
Pied Piper,0
Piestorm,0
Pillow Fortress,0
Pink Candy,0
Pink Merwitch,0
Pirate Bear,0
Polterclops,0
Pony,0
Popcorn Butteredfly,0
Popcorn Power,0
Portal of Unsummoning,0
Portal to Nowhere,0
Psionic Architect,0
Psionic Swashbuckler,0
Psychic Tempest,0
Puma Paw,0
Punk Cat,0
Puppy Parade,0
Pyramidia,0
Pyromancer,0
Quadurai,0
Quake Maker,0
Quick Pick Me Up,0
Rainbow Eyebat,0
Raise the Dead,0
Rebounding Zebracorn,0
Reclaim Landscape,0
Red Eyeling,0
Redirect Danger,0
Reign Deer,0
Repelling Rock Crab,0
Ring of Damage,0
Ring of Fluffy,0
Ring of Third Eye,0
River of Swords,0
Robomancer,0
Rock 'n Roller,0
Rock Out!,0
Rocktopus,0
Routing Rock Crab,0
Royal Revelry,0
Sack of Pain,0
Sailing Sand Crab,0
Sand Angel,0
Sand Castle,0
Sand Eyebat,0
Sand Jackal,0
Sand Knights,0
Sand Pyramid,0
Sand Sphinx,0
SandWitch,0
Sandasaurus Rex,0
Sandhorn Devil,0
Sandmagus,0
Sandsnake,0
Schoolhouse,0
Scorching Serve,0
Scroll of Bad Breath,0
Scroll of Fresh Breath,0
Sea Hag,0
Sewn Sloth,0
Shadowy Pyramid,0
Shark,0
Sharp Guy,0
Sheep,0
Shielded ZebraCorn,0
Shifty Sand Crab,0
Silo of Freedom,0
Silo of Justice,0
Silo of Truth,0
Singing Sword,0
Sinkhole,0
Ska-pion,0
Skeletal Hand,0
Slashy Sand Crab,0
Slay Rider,0
Slushie Salvo,0
Smoldering Elder,0
Smooth Eli,0
Snake Eye Ring,0
Snake Eyes,0
Snakemint,0
Snow Angel,0
Snow Baller,0
Snow Bank,0
Snow Bunny,0
Snow Business,0
Snow Dog,0
Snow Training Camp,0
Snow Way,0
Snowblower,0
Snowvalanche,0
Socks of Fortitude,0
Softie Recruit,0
Solidarity,0
Spazzy Cola,0
Spell Warp,0
Spike Icicle,0
Spiked ZebraCorn,0
Spirit Tower,0
Sprucy Lucy,0
Squatting Bald Man,0
Staff of Frailty,0
Static Parrotrooper,0
Steakchop,0
Stitched Squirrel,0
Strawberry Slimey,0
Strength Crystal,0
Struzann Jinn,0
Stuffed,0
SubjuGator,0
Subliminal Strength,0
Sun King,0
Sundae School,0
Swamp Horn,0
Sword Bouquet,0
Synchronization,0
TNTimmy,0
TailGator,0
Tandem Bike,0
Tapped Out,0
Tax Reduction,0
Teeth Leaf,0
Teleport,0
Temple of the Sun,0
Terrible Tower,0
The Barrel,0
The Big Hen House,0
The Cooler,0
The Cooper,0
The Dog,0
The Mariachi,0
The Pig,0
The Sludger,0
Timmy Magic Eyes,0
Tiny Elephant,0
Tired Wombat,0
Toilet of Doom,0
Tome of Ankhs,0
Tools of the Trade,0
Tornado Wall Of Fire,0
Tough Lumberjill,0
Trained ZebraCorn Husker,0
Travelin' Farmer,0
Travelin' Skeleton,0
Travelin' Wizard,0
Tree of Undeath,0
Twinsies,0
Ultra Dog,0
Unempty Coffin,0
Uni-Knight,0
Unicyclops,0
Vampire Lord,0
Void Thimble,0
Volcano,0
Wake Up Call,0
Wall of Chocolate,0
Wall of Ears,0
Wall of Sand,0
Wandering Bald Man,0
Water Logged,0
Weakened Warrior,0
Weary Trading Post,0
Well-Dressed Wolf,0
Whims of Fate,0
Windmill of Health,0
Witch Slap,0
Witch Way,0
Woad Blood,0
Woad Mobile Home,0
Woad Talisman,0
Woadic Chief,0
Woadic Enchantress,0
Woadic Marauder,0
Woadic Matriarch,0
Woadic Ring Leader,0
Woadic Weirdo,0
X-Large Spirit Soldier,0
Yellow Gnome,0
Yellow Lighthouse,0
Yellow Slimey,0
Young ZebraCorn Husker,0
ZaZo's Magic Seeds,0
