Card Name,Quantity
Blue Gnome,1
Blue Ogre,1
Blue Slimey,1
Blueberry Pieclops,1
Djini Ghost,1
Elf Hut,1
Ghost Ninja,1
Igloo of Sanctuary,1
Kung Fu Power,1
Little Freezy,1
Paladim,1
Pentacutie,1
Pink Candy,1
Puma Paw,1
Ring of Third Eye,1
Schoolhouse,1
Socks of Fortitude,1
Spell Warp,1
Tax Reduction,1
Travelin' Wizard,1
Uni-Knight,1
Apple Bully,1
Archer Dan,1
Captain Taco,1
Corn Bat,1
Cowsper,1
Ethan Allfire,1
Gold Ninja,1
Golden Jackal,1
Grape Butt,1
Husker Amulet,1
Husker Knight,1
Log Knight,1
Ol' Corn Eye,1
Pirate Bear,1
Popcorn Power,1
Silo of Justice,1
Sun King,1
Witch Way,1
Yellow Gnome,1
Yellow Lighthouse,1
Yellow Slimey,1
Confectionary Ring,1
Cotton Devil,1
Life Beater Gnome,1
Nice Windmill,1
Sack of Pain,1
Scroll of Fresh Breath,1
Strawberry Slimey,1
Davey Bones,1
Fountain of Tears,1
Full Metal Racket,1
Ghost,1
Ghost Hag,1
Ghost Tree,1
Incredible Egg,1
Master of Disguise,1
Ms. Mummy,1
Musical Chair,1
Quadurai,1
Ring of Damage,1
Rocktopus,1
Sea Hag,1
Timmy Magic Eyes,1
Well-Dressed Wolf,1
Witch Slap,1
Beach Mummy,1
Cactus Thug,1
Diamond Dan,1
Giant Mummy Hand,1
Golden Axe Stump,1
Green Gnome,1
Green Party Ogre,1
Green Snakey,1
Lady Beetle,1
Lime Slimey,1
Lucky Penny,1
Polterclops,1
Portal of Unsummoning,1
Portal to Nowhere,1
Psychic Tempest,1
Sand Jackal,1
Sand Pyramid,1
Sandasaurus Rex,1
Snake Eyes,1
Temple of the Sun,1
Black Paladin,1
Blue Merlock,1
Eye Guy,1
Fancy Pants Gnome,1
Fisher Fish,1
Fright Tower,1
Ghost Chest Burster,1
Immortal Maize Walker,1
Lt. Mushroom,1
Magic Lamp,1
Orange Slimey,1
Ogre Braces,1
Pickler,1
Raise the Dead,1
Scroll of Bad Breath,1
Shadowy Pyramid,1
Smoldering Elder,1
Spirit Tower,1
Swamp Horn,1
The Sludger,1
Toilet of Doom,1
